corpus,file,native_median_ms,baseline_median_ms,compact_median_ms,end_to_end_overhead_percent
Mathlib,Mathlib/Algebra/Algebra/Subalgebra/Directed.lean,1182.537918,1109.7671005,1179.52359,-0.2549032850547417
Mathlib,Mathlib/Algebra/Group/Units/Defs.lean,1420.3837935000001,1399.9049854999998,1572.9351325,10.740149225731077
Mathlib,Mathlib/AlgebraicGeometry/Modules/Sheaf.lean,18696.2550135,18751.447434,20274.162257,8.439696839611166
Mathlib,Mathlib/AlgebraicGeometry/Modules/Tilde.lean,18327.4321045,18376.181932,19461.605536000003,6.188392487464323
Mathlib,Mathlib/Analysis/Analytic/CPolynomialDef.lean,3272.374852,3285.99882,3570.8720055000003,9.121728622182946
Mathlib,Mathlib/Analysis/Calculus/Deriv/Linear.lean,1102.9210935,1074.7941935,1133.101765,2.7364307091293893
Mathlib,Mathlib/Analysis/Normed/Algebra/Basic.lean,1254.665227,1314.0493155,1332.78648,6.226461953264928
Mathlib,Mathlib/Analysis/Normed/Order/UpperLower.lean,1267.7547365,1197.7131855,1249.499925,-1.43993242339584
Mathlib,Mathlib/Analysis/SpecialFunctions/Complex/Log.lean,1245.2392100000002,1199.8131535,1297.5002435000001,4.196867001963422
Mathlib,Mathlib/CategoryTheory/Galois/Prorepresentability.lean,1964.3385425000001,1961.575804,2050.6773869999997,4.3953138744667
Mathlib,Mathlib/CategoryTheory/Localization/Quadrifunctor.lean,1787.6845604999999,1754.7726135,1813.224799,1.4286770196670906
Mathlib,Mathlib/CategoryTheory/Sites/SheafCohomology/ExactSequences.lean,25640.3028845,25479.429416,25528.4347575,-0.436297993451662
Mathlib,Mathlib/CategoryTheory/Sites/SheafCohomology/MayerVietoris.lean,31025.216241000002,31190.076716,31128.0507285,0.3314545391116308
Mathlib,Mathlib/Combinatorics/Quiver/Path/Weight.lean,745.695172,749.6588624999999,784.2371125,5.168591932361344
Mathlib,Mathlib/Data/Nat/Cast/Defs.lean,624.342032,611.1691245,638.563984,2.2779103874268625
Mathlib,Mathlib/Init.lean,479.978982,474.1545425,489.372714,1.957113197094107
Mathlib,Mathlib/Order/Interval/Set/Final.lean,728.2928245,693.0616275,715.0699529999999,-1.8155982120348524
Mathlib,Mathlib/SetTheory/Cardinal/Aleph.lean,1782.351311,1733.737342,1825.977824,2.447694387226229
Mathlib,Mathlib/SetTheory/Cardinal/UnivLE.lean,713.006254,705.1044165000001,701.95901,-1.5493894952567921
Mathlib,Mathlib/Topology/Compactification/StoneCech.lean,892.1043070000001,883.1371194999999,939.770464,5.343114770995028
Mathlib,Mathlib/Topology/Defs/Induced.lean,734.7696355,705.6226815,709.333269,-3.461815141924174
LeanPool,LeanPool/Basic.lean,178.7942865,178.4221775,188.28209950000002,5.306552678907894
LeanPool,LeanPool/FiveEighthsTheorem/Basic.lean,1654.626407,1584.787458,1600.783645,-3.25407365506889
LeanPool,LeanPool/NavierStokesAndEuler/Euler/AllOrderCorrectionBudget.lean,3530.9305995,3547.739668,3684.750927,4.35636790827274
